director_name,director_score
,447093
Tomm Moore,686383
Doug Lefler,5932060
Bonnie Hunt,32662299
Jamie Blanks,38048637
Zak Penn,36830
Jean-Marc Vallée,25388618
Edward Burns,6566801
Ari Folman,2283276
Anthony Minghella,85192059
Deepa Mehta,1875914
Tim Burton,132167090
Luc Jacquet,77413017
Barry Sonnenfeld,122625901
Peter Weir,95222465
Rob Hedden,14343976
Pawel Pawlikowski,2409346
Robert Stevenson,102300000
Mike Mills,3550693
Chris Nahon,36833473
Xavier Beauvois,3950029
Steven Spielberg,168586600
Eric Schaeffer,295468
Spencer Susser,382946
John Milius,26077586
Ronny Yu,31546275
Scott Stewart,34652353
William H. Macy,37440
Pete Travis,33023224
Stig Bergqvist,76501438
Tyler Perry,59568116
Jason Moore,64998368
Andrew Jarecki,578382
Jon Turteltaub,82476454
Katt Shea,17757087
Jeb Stuart,3282467
Ellory Elkayem,17266505
Barry Cook,36073232
Carroll Ballard,860002
Stephen Sommers,125426288
Mickey Liddell,13350177
Julian Jarrold,18663911
Rich Cowan,609042
Nicholas Stoller,73729103
Carlos Saldanha,166764467
Wes Anderson,31439603
Sergio Leone,5700000
Fred Wolf,27400373
Oliver Parker,8253798
Kevin Tenney,7369373
Rodrigo Cortés,1028658
Jonas Elmer,16699684
John D. Hancock,1711
Paul Fierlinger,246574
Niels Arden Oplev,10880926
Gurinder Chadha,19571399
Andrew Dominik,3904982
Ivan Reitman,66318990
Francis Ford Coppola,62095597
Zack Snyder,163800650
John Fortenberry,30324946
Christopher Nolan,226653447
Stewart Raffill,531806
Billy Ray,2207975
U. Roberto Romano,2245
Marc Webb,165758656
Bo Welch,100446895
Colin Trevorrow,328092531
Laurent Tirard,634277
Jeffrey W. Byrd,4006906
Ethan Maniquis,26589953
Mark Pellington,29795598
Philip G. Atwell,22466994
Lee Daniels,70568409
Gregory Poirier,13558739
William Wyler,23650000
Julian Schnabel,4476033
Phil Morrison,4556
Michael Lembeck,73640067
John Stephenson,2209479
Noam Murro,106369117
Curtis Hanson,50657908
James Isaac,12610731
Steven Soderbergh,61679866
Jonathan Caouette,592014
Nelson McCormick,29062561
Fritz Lang,26435
Paul Bunnell,2436
James Melkonian,7557877
Vivek Agnihotri,49000
Jon Poll,3950294
Bruce McCulloch,19525348
Kurt Wimmer,9845492
Jim Field Smith,31584722
Jorge Blanco,42194060
Ben Lewin,5997134
Dan Harris,228524
Andrew Davis,77950090
Craig Brewer,15799061
David Twohy,37452037
Martin Weisz,20801344
Gareth Evans,4105123
Wolfgang Petersen,104729952
Jonathan Glazer,4850401
Katherine Dieckmann,92900
Don Bluth,43047551
Joe Charbanic,28927720
Sydney Pollack,105243736
Rob McKittrick,16101109
James Mangold,69298843
Terence Davies,3041803
Dave Borthwick,7382993
Patrick Tatopoulos,45802315
Camille Delamarre,18156692
Catherine Owens,10353690
Ti West,89080
Martin Koolhoven,542860
Martin Campbell,86028197
Guy Ritchie,63926817
Jerry Zucker,103946321
Kevin Rodney Sullivan,56863546
Glen Morgan,11543718
Nicolas Winding Refn,12388100
Gillian Armstrong,25755994
Harold Ramis,51530296
Steve Rash,6596407
John Ottman,21468807
Tony Scott,80175163
Atom Egoyan,2626617
Patricia Cardoso,5844929
Chris Noonan,34787824
Michael Tollin,52277485
Tim Heidecker,200803
Tamra Davis,37188667
Richard LaGravenese,24549686
Andy Tennant,110518659
J.J. Abrams,186704452
Phillip Noyce,57776561
Sidney J. Furie,15681020
Penelope Spheeris,121697350
Michael Chapman,1953732
Vincent Ward,55350897
Jonathan Dayton,59889948
David Koepp,22219133
Mitchell Lichtenstein,347578
Paul Greengrass,108508064
James Gunn,166726426
Bob Saget,9975684
Martha Coolidge,28165882
Orson Welles,7927
Michael Patrick King,95328937
Tom Vaughan,46065803
Fernando Meirelles,18319383
George Nolfi,62453315
James Schamus,560512
Vicente Amorim,23091
James Bridges,16118077
Tony Bancroft,120618403
Akiva Goldsman,22451
Richard Kelly,5348993
Chia-Liang Liu,11546543
Steve Boyum,3705141
Cristian Mungiu,1185783
Simon Wincer,17934709
James Mather,14291570
Joel Gallen,37882551
Peter Webber,19651154
Neil Jordan,27003349
RZA,15608545
Alex Proyas,79693680
Richard Attenborough,27513932
Deb Hagan,4693919
Patrick Stettner,4427078
Lynne Ramsay,1002943
Stuart Beattie,19059018
Dennis Iliadis,32721635
Kevin Smith,22601725
S.S. Rajamouli,6498000
Mike Flanagan,27689474
Jason Bateman,7764027
Rakeysh Omprakash Mehra,2197331
Adrian Lyne,77758253
Stuart Gillard,42660000
Nimród Antal,23803177
Shane Dawson,35688
Chris Weitz,94640075
Antonia Bird,2060953
Nick Cassavetes,51045757
Georg Wilhelm Pabst,9950
Sam Miller,52543632
Bob Giraldi,110000
Mark Neveldine,23086958
Jay Russell,42599492
John Madden,47272993
Joseph L. Mankiewicz,57750000
Lisa Cholodenko,20803237
Joseph Zito,32600000
David Zucker,50046394
Justin Zackham,21784432
Henry Joost,62256524
Joe Chappelle,15126948
Jonathan Liebesman,107387486
Joe Dante,52007440
Neil Marshall,12361207
Peter Ho-Sun Chan,128978
Damien Dante Wayans,25615792
Peter Cattaneo,19638493
Terrence Malick,20800391
Steve Martino,145746160
Michael Kang,47111
Maurice Joyce,19421271
Terry Zwigoff,33129197
Stefan Ruzowitzky,31417
Vipul Amrutlal Shah,1207007
Steve Oedekerk,60362731
Jessie Nelson,33277685
Gavin Wiesen,1429260
Chris Koch,37708562
Ray Griggs,425899
Mark Helfrich,35000629
Gonzalo López-Gallego,17683670
Michael Dowse,3522255
Peter Faiman,174635000
Ken Loach,1829142
Isabel Coixet,395592
Paul Abascal,15712072
Robert Lorenz,35754555
Michael Mann,60622630
Jim Mickle,18469
Allen Hughes,19692608
Jonathan Levine,34466990
Rodrigo García,1110286
Garry Marshall,103783468
Victor Salva,24556334
Dan Mazer,35537564
David Silverman,183132370
Ole Bornedal,49122319
Carol Reed,16800000
Charles S. Dutton,5881504
Benjamin Dickinson,62480
Chuck Sheetz,36696761
Matt Dillon,325491
Alister Grierson,23070045
Florian Henckel von Donnersmarck,67631157
Nicholas Hytner,9940764
Harry Gantz,247740
Paul W.S. Anderson,41343224
Jeff Wadlow,21214091
Ben Stiller,60560021
Rod Lurie,12376554
Ryan Coogler,62905363
Tim Hunter,4600000
George Roy Hill,130954450
Susan Stroman,19377727
Carmen Marron,178739
Chris Columbus,130114973
Louis Leterrier,95930635
Zach Cregger,4542775
Terry Gilliam,23501397
Noah Baumbach,6333134
Evan Goldberg,53787688
Franco Zeffirelli,14348123
Ritesh Batra,4231500
Woody Allen,16228707
Rupert Sanders,155111815
Carter Smith,17427926
John Gray,20400913
Bruce Hunt,14888028
Damian Nieman,10696
Aaron Seltzer,48546578
Marcus Raboy,32983713
Sue Corcoran,11798
Billy Wilder,25000000
Tommy Lee Jones,3726079
Kent Alterman,33472850
Uwe Boll,3739257
Seth MacFarlane,114167288
André Téchiné,2874
Dan Zukovic,22434
Jonathan Newman,4756
Mark Waters,65721264
David Schwimmer,5998971
Mark Tonderai,31607598
Jacob Aaron Estes,603943
Mateo Gil,199652
Oliver Blackburn,18378
Joel Zwick,144775991
Kiyoshi Kurosawa,94596
Brad Peyton,100856563
Sean Durkin,2981638
Michael Roemer,12438
Joel Coen,25227835
Jonathan Frakes,51468038
Jeff Garlin,194568
Ken Kwapis,49216905
Brian Koppelman,11632420
Robert Towne,777423
Panos Cosmatos,56129
Roger Donaldson,34255608
Jean-Paul Rappeneau,1877179
Warren Beatty,65132280
Barry W. Blaustein,2047570
Charlie Kaufman,3081925
Iain Softley,24217375
Tom Kalin,434417
Todd Solondz,2683273
Peter Hedges,27106817
Jonathan Demme,74210795
Henry Koster,36000000
Daniel Algrant,121972
Richard Linklater,15332092
Jennifer Wynne Farmer,10508
John McNaughton,29753944
Craig Gillespie,20232100
Asger Leth,18600911
Charles Shyer,13395939
Wayne Wang,45868618
Brian De Palma,50084026
Ernest R. Dickerson,21088568
Hunter Richards,12667
Hans Canosa,379122
Raymond De Felitta,6670712
Ericson Core,28772222
Gillian Robespierre,3122616
Ron Clements,119948293
Robert Fontaine,3330
Colin Strause,21371425
Shekhar Kapur,21527877
George A. Romero,7162538
John Cameron Mitchell,2103093
Leslye Headland,418268
Abel Ferrara,1227324
Richard Lester,56238335
Scandar Copti,621240
Sofia Coppola,16789091
Anthony Hemingway,49875589
Michael Corrente,7292175
Marianna Palka,15542
Louis Morneau,10149779
Mikael Salomon,19819494
Oren Moverman,66637
Joe Carnahan,23047567
Alexander Payne,59187707
Brenda Chapman,101217900
James DeMonaco,71596003
Mamoru Hosoda,9628751
James Dodson,115504
Arjun Sablok,100358
Lance Mungia,124494
Antoine Fuqua,58203779
Marilyn Agrelo,8044906
Charles T. Kanganis,11784000
Willard Huyck,16295774
Adam Rifkin,4193025
Warren P. Sonoda,123777
Dan Rush,2711210
Brad J. Silverman,2507106
Thea Sharrock,56154094
Renny Harlin,34931729
Mitch Davis,4720371
Henry Hobson,131175
Neil LaBute,22429132
Steven E. de Souza,33423521
George Stevens,8000000
Des McAnuff,26000610
Michael McCullers,60269340
Lee Toland Krieger,22786431
Cal Brunker,57011847
Hironobu Sakaguchi,32131830
Peyton Reed,116227128
Zach Braff,15185077
Ethan Coen,53910708
David Lynch,13605814
Michael Spierig,29975979
David McNally,63760630
Tom Sanchez,3830
Nancy Meyers,119577814
Charles Ferguson,1923750
Grant Heslov,32416109
George Ratliff,27445
Joon-ho Bong,4563029
David Pastor,90820
Nathan Greno,200807262
Niki Caro,32621199
David Hackl,56729973
Tim Boxell,118666
David Bowers,45566129
Peter Kosminsky,16346122
Steve Taylor,594904
Je-kyu Kang,1110186
Stiles White,50820940
Mike Marvin,3500000
Juan Carlos Fresnadillo,28637507
Brian Levant,69006493
Salim Akil,30846431
Aki Kaurismäki,611709
Chris Carter,20981633
Steve Pink,50213619
Thomas Carter,62806443
Ham Tran,638951
Kenny Ortega,39514713
Sergey Bodrov,7651924
Gary Shore,55942830
Chris Stokes,40066497
Lone Scherfig,13766014
D.J. Caruso,63396341
Rob Bowman,38552786
Dror Moreh,2408553
Justin Chadwick,17569852
Sam Weisman,55298114
James Bidgood,8231
Dennie Gordon,19286641
Rusty Cundieff,11797927
John Singleton,59102062
Bennett Miller,52176531
Anne Fontaine,3213100
Len Wiseman,82774542
James L. Brooks,73298138
Yash Chopra,2984638
Josef Rusnak,15500000
Peter Jackson,199789876
Frank Coraci,89894586
Lewis Gilbert,50866666
Dan Fogelman,5348317
Terry George,23472900
Brett Ratner,112051014
Ed Gass-Donnelly,15152879
Kasi Lemmons,7508596
Adam Goldberg,2580
Eytan Fox,155972
Christopher McQuarrie,90279004
Wes Ball,92050596
Patricia Riggen,28823757
Tom Hooper,96006786
Vadim Perelman,6654462
Byron Howard,114053579
Albert Brooks,11614236
Olatunde Osunsanmi,25464480
Etan Cohen,90353764
Yarrow Cheney,323505540
Preston A. Whitmore II,28065801
Ashish R. Mohan,352684
Stephen Hopkins,33231234
Craig R. Baxley,14771657
Gabriele Muccino,81879667
John Eng,39399750
José Padilha,39074024
Richard Eyre,9400394
King Vidor,20400000
Jason Eisener,703002
Efram Potelle,279282
Jeannot Szwarc,102922376
Stephen Carpenter,3100650
Stephen Herek,33770028
Josh Gordon,72955999
Lenny Abrahamson,14677654
Peter Hewitt,41678817
Carl Rinsch,38297305
Joshua Oppenheimer,484221
Kevin Bray,35671485
David R. Ellis,38635832
Howard Zieff,64823621
Mike Disa,10134754
Ryan Fleck,2694973
Kevin Brodie,2148212
Gregory Hoblit,30916118
David O. Russell,84276458
Anthony Russo,185720634
Lloyd Kaufman,23000
John Francis Daley,58879132
Charles Robert Carner,4131640
Asghar Farhadi,7098492
Garth Jennings,51019112
Sean McNamara,27132702
Christopher Spencer,59696176
Gary Winick,50633939
Ang Lee,65850588
Fred Schepisi,2326407
George Jackson,19281235
Simon West,82816772
Hal Haberman,6387
Eddie O'Flaherty,5199
Morgan Spurlock,13680406
Alejandro Monteverde,7264283
Don Coscarelli,7282851
Mikael Håfström,41538679
Robert Altman,20977080
Li Zhang,127437
Michael Bay,156573646
Rowdy Herrington,16372049
Christian Carion,1050445
Patrick Gilmore,26288320
Blake Edwards,5000000
Frederik Du Chau,35952314
Nick Hamm,14334645
Paul Michael Glaser,38122105
Rawson Marshall Thurber,126276498
Alice Wu,1186323
Michael Cuesta,1793737
J.A. Bayona,13077951
Phyllida Lloyd,86831823
Boaz Yakin,58473535
Jake Schreier,17657851
Sidney Lumet,17078655
Christophe Barratier,3629758
P.J. Hogan,126805112
Nicole Holofcener,9781022
Dan Scanlon,268488329
Jean-Pierre Jeunet,10182464
Dan Trachtenberg,71897215
Allen Coulter,19057024
Fenton Bailey,475143
Kris Isacsson,20035310
Richard Dutcher,798341
Sam Fell,50818750
John Boorman,13491653
Jeff Burr,1400000
Gary McKendry,25093607
Alejandro G. Iñárritu,15258560
Diane English,26896744
Dominique Othenin-Girard,11642254
J Blakeson,34912982
Matthew O'Callaghan,58336565
Robin Budd,48423368
Lee Unkrich,414984497
Masayuki Ochiai,25926543
F. Gary Gray,77829116
Angela Robinson,33049398
James Cameron,290547093
Mark A.Z. Dippé,54967359
Ira Sachs,1506998
Daniel Sackheim,17951431
Michel Hazanavicius,44667095
Stephan Elliott,9557664
C. Jay Cox,819939
James Gartner,42643187
Sam Mendes,161204662
Seth Gordon,127295611
Guy Maddin,39659
Mike Figgis,16184070
Sam Raimi,185784195
Joan Chen,37752931
Richard Montoya,79043
Jaume Collet-Serra,51142756
Andrzej Bartkowiak,36126361
Julie Davis,33598
Stephen Norrington,68231832
Raja Gosnell,110527036
Shawn Levy,84447252
Andrea Di Stefano,106869
Heidi Ewing,100675
Tod Williams,84749884
Gary Sherman,14114488
Peter Farrelly,127175354
Tom Dey,61150816
John Carl Buechler,19170001
Boris Rodriguez,1521
Guillaume Canet,112445
Brian Henson,27281507
Roger Kumble,26742807
Fred Walton,12947763
Gary Halvorson,11634458
Katsuhiro Ôtomo,410388
Karim Aïnouz,20262
Cory Edwards,51053787
Ric Roman Waugh,42919096
Huck Botko,535249
Michael Meredith,19348
Christian Duguay,17517536
Pete Jones,119841
Eric Valette,26876529
Richard Shepard,4655082
Tim Johnson,169902230
Paul Schrader,1070520
William Dear,615216
Todd Phillips,100673776
Joe Berlinger,26421314
Morten Tyldum,91121452
Ruggero Deodato,800000
Mel Smith,226792
Marco Kreuzpaintner,154609
Sara Newens,5858
George Cukor,72000000
Kelly Asbury,73215310
Scott Cooper,37784272
Dave Green,60277788
Mark Tarlov,4394936
Peter Care,1779284
Michael McGowan,795126
Ole Christian Madsen,145109
John Maclean,229094
Anthony Hickox,3902679
Chuck Russell,77135179
Marc F. Adler,511920
Steven Brill,64164066
Hayao Miyazaki,8035078
Chris Buck,400736600
Kate Connor,73678
Todd Graff,18062755
Richard Raymond,143653
Khalid Mohamed,610991
Andrew Douglas,64255243
Ron Maxwell,11820264
Michael Patrick Jann,10561238
Gene Quintano,27979400
Fatih Akin,274385
Frank Marshall,63120914
John A. Davis,80920948
David Moreau,31397498
Julie Taymor,18681693
Neal Brennan,15102127
Jason Friedberg,32200757
Baltasar Kormákur,61769955
Ari Kirschenbaum,25918
Floyd Mutrux,125169
Alfred Hitchcock,32000000
Claude Miller,206400
Michael Rymer,22155472
Noel Marshall,2000000
Bigas Luna,244465
Drew Goddard,42043633
Karey Kirkpatrick,16088610
James Wan,113139457
Danny Leiner,18225165
William Malone,27027052
Travis Cluff,22757819
Gil Kenan,40766351
Robert Wise,122757143
Sam Taylor-Johnson,166147885
Mort Nathan,8586376
John Schultz,31492071
Patrick Read Johnson,16671505
Andrew Bergman,17877202
Justin Kerrigan,104257
Giuseppe Tornatore,85433
Mark Romanek,2412045
William Brent Bell,37372505
Bobby Farrelly,62790962
Gérard Krawczyk,81525
Scott Derrickson,58254186
Chatrichalerm Yukol,454255
David Soren,83024900
Andrew Adamson,229988557
Michel Gondry,38942559
Justin Dillon,215185
David S. Goyer,45891239
Chris Robinson,21160089
Rob Letterman,100287966
Gary Trousdale,92077321
Vera Farmiga,841206
Vincent Paronnaud,4443403
Katja von Garnier,3525161
Paul Weitz,55768137
John H. Lee,31662
Martin Lawrence,34746109
Cameron Crowe,59263235
Kurt Voss,58936
Douglas Aarniokoski,12801190
Andrew Niccol,20191060
Patrick Hughes,39292022
James McTeigue,41535952
Gina Prince-Bythewood,21026981
David LaChapelle,3278611
Randall Wallace,71534831
Hideo Nakata,75888270
John Crowley,38317535
Mark Steven Johnson,67027640
Michael Lehmann,32599584
Jeremy Degruson,4091
Jim Sonzero,20259297
Hilary Brougher,18195
George Armitage,17242965
Steve Buscemi,424653
Alex Craig Mann,1332
James Ponsoldt,6851969
Stewart Hendler,11956207
Vondie Curtis-Hall,4273372
Michael Wadleigh,13300000
Francesca Gregorini,5005
Eric Leighton,137748063
Derek Cianfrance,15542428
Irwin Winkler,25488293
Tim Miller,363024263
Roger Christian,21471685
Marc Schölermann,108662
John Hamburg,53074928
Gary Rogers,1098224
Agnieszka Holland,352786
Sean Penn,19036192
Alfonso Cuarón,143088109
Chris Butler,55994557
Arthur Hiller,15447
Ben Wheatley,26297
Joseph Kosinski,144375103
Roger Nygard,617172
Stanley Kubrick,56715371
Julio DePietro,100503
David Lean,42830500
Karen Moncrieff,240718
George P. Cosmatos,69691679
Olivier Megaton,88590721
Shane Carruth,424760
Hsiao-Hsien Hou,613556
Clint Eastwood,77101269
Tommy O'Haver,11560259
Andy Cadiff,12189514
Kevin Greutert,36670134
Ernie Barbarash,8691
Ryan Murphy,43664454
Whit Stillman,1972871
Eli Craig,223615
Tommy Lee Wallace,14400000
Daryl Wein,76382
Bradley Parker,18112929
Peter Sohn,123070338
Andrew Fleming,15397312
Lloyd Bacon,2300000
Tarsem Singh,55498651
Rick Famuyiwa,21694592
Nicholas Meyer,76894498
Theodore Melfi,44134898
Tate Taylor,30513940
Shana Feste,14576182
Stephen Milburn Anderson,46451
Dean Wright,5669081
George Gallo,1122104
Brian Dannelly,8786715
Jonas Åkerlund,410241
Daniel Espinosa,42514886
William Bindley,508867
George Clooney,45423646
Dennis Dugan,93995391
Alan Taylor,148046026
Ruairi Robinson,23838
Remo,95236
André Øvredal,252652
Wych Kaosayananda,14294842
Tom Holland,24208079
Tommy Wirkola,27861889
Jesse Peretz,40542
Robert Eggers,25138292
Harald Zwart,47285499
Don Hall,222487711
Martin Brest,80860131
Udayan Prasad,317040
Scott Speer,35057332
Chris Gorak,21426805
Fina Torres,5018450
Robert Iscove,34120837
R. Balki,199228
Molly Bernstein,151389
Lasse Hallström,43429329
Christian Alvart,11787269
Alain Resnais,403649
Tim Story,98116871
Baz Luhrmann,96378995
Michael Cristofer,16252765
Aaron Schneider,9176553
Susanna White,28995450
Miguel Arteta,20831131
William Friedkin,62646597
James Frawley,76657000
Luke Greenfield,59059325
Albert Hughes,46479830
Laurent Cantet,3766595
Cathy Malkasian,39880476
Michael J. Bassett,17529157
Rowan Joffe,2963012
Ben Affleck,114096341
Werner Herzog,3591165
Timothy Hines,14616
Alejandro Agresti,52320979
Gavin O'Connor,8038759
Courtney Hunt,2508841
Neema Barnette,243347
David Cronenberg,11758590
Joss Whedon,432721657
Adam Carolla,105943
Hugh Hudson,32671597
Rian Johnson,34993971
Nicholas Jarecki,7918283
Chris Rock,25205343
Barbet Schroeder,23408645
David F. Sandberg,56536016
Nick Love,26345
Ed Harris,14401958
Christian Ditter,46813366
Chris Roberts,11576087
Tony Richardson,5100000
Bobcat Goldthwait,221210
Alex Zamm,306715
James Bobin,72217146
Tamara Jenkins,6045322
George Hickenlooper,1347118
Laurie Collyer,198407
Rob Reiner,51613951
John R. Leonetti,60095621
Eric Blakeney,1631839
Ralph Fiennes,756452
John Pasquin,72025478
Scott Ziehl,13493
Sharon Maguire,71500556
Michael Pressman,78656813
David Gelb,25799043
Richard Curtis,11644334
Trey Parker,28455048
Vincente Minnelli,2956000
Tim Robbins,20962485
Olivier Assayas,2496691
John Herzfeld,24375436
Nicholaus Goossen,6088249
Ralph Ziman,4958
John Glen,53270582
Costa-Gavras,5415247
Lorene Scafaria,6619173
Lionel C. Martin,13960203
Daniel Stamm,40990055
Richard E. Grant,233103
Bill Paxton,14217558
Gareth Edwards,237301
Harry Elfont,19795973
Paul Hunter,23020488
David Wain,8996081
Kirk Wong,27052167
Jason Zada,26583369
David Palmer,13746550
Christine Jeffs,12055108
Bill Condon,117965839
Bart Freundlich,9116699
Shane Black,206614054
Michael Caton-Jones,28698915
Benedikt Erlingsson,11835
Joseph Dorman,906666
Leslie Small,19968440
Richard Marquand,309125409
Richard Kwietniowski,2542264
Todd Haynes,6966532
Nora Ephron,52069830
Jon Amiel,41167332
Mabrouk El Mechri,3749061
Harry Beaumont,2808000
Mennan Yapo,47852604
Michael Tiddes,23010448
Phil Traill,33860010
Anurag Basu,1602466
Thaddeus O'Sullivan,196067
Peter Kassovitz,4956401
Ted Demme,52937130
Brian Trenchard-Smith,2987687
Harmony Korine,14123773
Mary Harron,15047419
Guy Hamilton,37825000
Patrick Lussier,31117286
Harley Cokeliss,3060858
Jon Favreau,199956067
Lena Dunham,389804
Beto Gómez,1391770
Adam Shankman,92350244
Sterling Van Wagenen,2024854
Mike Gabriel,141600000
Saul Dibb,13823741
Stephen Chow,5933406
Clark Johnson,76461288
Terence Young,34822345
Danny Steinmann,21300000
Kurt Hale,1181206
Morgan Neville,4946250
Stephen J. Anderson,26687172
Dena Seidel,4914
Dave Meyers,6026908
Tom McGrath,148337537
Jay Duplass,2595976
Lee Tamahori,32319635
Tom McLoughlin,19472057
Drake Doremus,3388210
Steve Carr,79306210
Arie Posin,49526
Ben Younger,16938179
Henry Selick,40344787
James Foley,12697948
Perry Andelin Blake,40363530
Stephen Kay,20447712
Mike Bruce,243768
Guillermo del Toro,71168710
Allison Anders,2239585
Brian Baugh,3773863
Damien Chazelle,13092000
Stéphane Aubier,71442
Antony Hoffman,17473245
Christophe Gans,46982632
Damon Santostefano,10544143
Kimberly Peirce,23244733
Tom Green,14249005
Alison Maclean,1282084
Thomas Bezucha,14620531
Randall Miller,2187123
Kathryn Bigelow,48863131
Álex de la Iglesia,3607
Bruce Paltrow,4734235
Steven Shainberg,2133825
Mike Newell,43683063
Darren Grant,50382128
Gregor Jordan,353743
Craig Bolotin,5871603
David Kellogg,97360069
Daniel Lee,72413
Craig Johnson,5283379
Tony Jaa,102055
Floria Sigismondi,3571735
Joe Camp,39552600
Taylor Hackford,31855070
Jerry Jameson,4778834
Rob Cohen,84997350
Wes Craven,45688617
Caroline Link,6173485
Lauren Lazin,7707563
Maria Maggenti,1977544
John Lasseter,211116269
Alan Metter,126247
Andy Garcia,2483955
Troy Miller,26096584
Barry Skolnick,92191
David Atkins,2025238
Nacho Vigalondo,38108
Richard Fleischer,20450000
Cédric Klapisch,2774068
Jon Avnet,33988342
Anne Fletcher,85132363
Steve Trenbirth,47887943
Diane Keaton,36037909
Rob Schmidt,15417771
Ekachai Uekrongtham,162
Kevin Lima,97324218
Peter Lepeniotis,64238770
Gore Verbinski,72943882
Wilson Yip,2126511
Salvador Carrasco,886410
Kelly Makin,33864342
Neil Burger,47722104
Joseph Gordon-Levitt,24475193
Michael Anderson,25000000
Mark Dindal,76080276
Noah Buschel,17580
Michel Leclerc,513836
Gregory Widen,16115878
Peter Billingsley,109176215
Cecil B. DeMille,36000000
Jeff Kanew,8508843
Patrick Creadon,3117666
Michael Winterbottom,1940040
John Patrick Shanley,33422556
David Boyd,2859955
Jonathan Teplitzky,4435083
Morgan J. Freeman,216594
Eric Bross,4356743
Joel Schumacher,60861436
Brad Furman,30748254
Bradley Rust Gray,24705
Greg Coolidge,28435406
Gordon Chan,22108977
Jaume Balagueró,11093554
Gary Sinyor,69582
Walter Hill,12033772
Danny Cannon,22134792
Fred Dekker,10696210
Stephen Hillenburg,85416609
Mike McCoy,70011073
John McTiernan,58311510
Gilles Paquet-Brenner,7691700
Anton Corbijn,17901682
Jay Chandrasekhar,30732667
Brian Robbins,32805137
Michael Clancy,70527
Christian Volckman,63260
Don Mancini,17016190
Jorge Ramírez Suárez,100412
Agnieszka Wojtowicz-Vosloo,108229
Ayan Mukerji,3827466
David E. Talbert,21564616
Jorge R. Gutiérrez,50150619
David Gordon Green,21064592
John G. Avildsen,99611749
Michael Landon Jr.,316184
Duncan Jones,35561858
Brendan Malloy,13903262
Pedro Almodóvar,12899702
Stacy Peralta,1784831
Rand Ravich,10654581
Fabián Bielinsky,1221261
Émile Gaudreault,6239558
Jacques Perrin,15084292
Lars von Trier,2115848
Mary Lambert,31343338
Thomas Vinterberg,760618
Jamal Hill,444044
Greg Mottola,26698389
Jun Falkenstein,45542421
Michel Orion Scott,155984
Hugh Wilson,55708283
Ari Sandel,34017854
Randy Moore,169719
Jonathan Kesselman,19539
François Truffaut,26893
Courtney Solomon,13396270
Edward Norton,37036404
David Mamet,6272423
Mor Loushy,34151
Jan de Bont,119164671
Quentin Dupieux,98017
Ronan Chapalain,4074023
Christopher Erskin,31179516
Alex Gibney,274661
Gary David Goldberg,43894863
Paolo Sorrentino,2835886
Roger Michell,71263290
Sarah Gavron,1094998
Keith Gordon,336456
Leigh Whannell,52200504
Robert Zemeckis,134097633
Stuart Gordon,3435379
William A. Graham,2807854
Jeremy Brock,238774
Mimi Leder,71741432
Steve Box,56068547
Bryan Singer,133238600
Jean-Jacques Annaud,36081973
Tom Brady,2331318
Cedric Nicolas-Troyan,47952020
Joel Edgerton,43771291
Max Färberböck,927107
Penny Marshall,82253294
Chris Miller,234970706
Paul Verhoeven,65239433
Josh Schwartz,9402410
Jennifer Flackett,48006503
Jane Campion,16438503
Peter Berg,87173364
Carl Franklin,35219308
Richard Loncraine,22725551
Takeshi Kitano,447750
Larry Charles,50413010
Hal Needham,5333658
Bruce Beresford,76045092
Wolfgang Becker,4063859
Yimou Zhang,2647913
Geoff Murphy,50024083
Vincent Gallo,1365832
Breck Eisner,45033973
Phil Alden Robinson,118471320
Dexter Fletcher,15785632
John Schlesinger,34064786
Richard J. Lewis,7501404
Tim Chambers,1889522
Teddy Chan,129115
Jon Gunn,4414159
Susan Seidelman,3123749
Tom McCarthy,25363778
Peter Ramsey,103400692
John Badham,79568000
Pitof,40198710
Rodman Flender,4002955
Mark Rosman,33839467
Steve Barron,15091542
Paul Thomas Anderson,21886070
David G. Evans,2428241
Gary Ross,182845555
Lawrence Guterman,55192898
Kate Barker-Froyland,20200
Davis Guggenheim,10623990
Susanne Bier,2849142
Matt Piedmont,5895238
Alexandre Aja,19779983
Walt Becker,81144444
Franklin J. Schaffner,800000
Takashi Shimizu,74659855
Tom Schulman,3559990
Joe Roth,83654787
Paul McGuigan,12523442
Frank Oz,38042428
Joe Johnston,121756789
Ron Howard,104837830
Glenn Ficarra,46709119
Mick Jackson,84709916
David Leland,146083
Peter Lord,68922520
Luis Llosa,61460285
Roger Spottiswoode,53634485
Eric Brevig,100935564
Brad Bird,108647363
Peter Atencio,20566327
John Curran,4921857
René Féret,706622
Leon Ichaso,18272447
Roland Joffé,5734196
Kevin Munroe,27657975
John Duigan,15593
Dean Parisot,64066593
Callie Khouri,45127693
Eli Roth,24002936
Kevin Costner,37961035
Stanley Tong,32333860
Tony Maylam,5430822
Tuck Tucker,13684949
Finn Taylor,464655
Claudia Llosa,52961
John Woo,95491372
Wallace Wolodarsky,10198766
Herbert Ross,80000000
Takao Okawara,10037390
Robert Stromberg,241407328
François Ozon,6590965
Brad Silberling,61968358
Michael Hoffman,15812603
Chris Kentis,21528056
James Gray,8644778
Dagur Kári,19959
Mike Leigh,3446448
Nancy Walker,2000000
James David Pasternak,7826
Nick Hurran,20422207
Jamie Babbit,1290519
Steve Hickner,126597121
Marielle Heller,1477002
Mark Illsley,1943649
Trent Cooper,15655665
Danny DeVito,9652000
Robert Marcarelli,12610552
Ron Fricke,2601847
Lucrecia Martel,304124
David Ayer,55865480
Frank Nissen,18081626
James Marsh,19422620
Igor Kovalyov,100491683
Jee-woon Kim,6077578
Chris Wedge,137367571
Frank Darabont,54632879
Harry F. Millarde,3000000
Danny Pang,15279680
Frank Sebastiano,475000
Majid Majidi,925402
Robert Cary,220234
Larry Clark,3963651
John Polson,39830795
Akira Kurosawa,158958
Robert Moresco,53481
Stephen Daldry,25924134
Malcolm D. Lee,39059954
Kirk De Micco,108635757
Don Siegel,36500000
Mike Judge,7359253
Russell Mulcahy,41351963
David Nixon,2848578
Paul Crowder,144431
Joey Lauren Adams,117560
Wayne Kramer,7549508
Quentin Tarantino,78017449
Ryûhei Kitamura,73548
Ricky Gervais,18439082
Clare Kilner,22846909
Chan-wook Park,1365078
Lynn Shelton,1573712
Rachel Perkins,110029
Benh Zeitlin,12784397
Annabel Jankel,20915465
Shane Acker,31743332
Joshua Michael Stern,16284360
Steve Bendelack,32553210
Nigel Cole,11465291
Mark Osborne,108367086
Tim McCanlies,20986531
Luc Besson,54837368
Michael D. Sellers,71904
Hong-jin Na,770629
Enrique Begne,3105269
Marco Schnabel,32178777
Russell Holt,3347439
Robert Schwentke,78844291
Andrew Morahan,13829734
Fred Savage,13235267
Elaine May,14375181
Mike van Diem,713413
Janusz Kaminski,16779636
Bruce Dellis,2468
Craig Mazin,12942415
John Dahl,14368052
Kenneth Johnson,1686429
Henry Alex Rubin,1523883
Timur Bekmambetov,57857445
Miguel Sapochnik,13763130
Fede Alvarez,54239856
Jared Hess,41617368
Hue Rhodes,100669
David Frankel,91696191
Pierre Morel,45041021
Linda Mendoza,6126237
Matthew Diamond,1064277
David Yates,183353499
Ian Fitzgibbon,828
Youssef Delara,2833383
Joby Harold,14373825
Kevin Tancharoen,17156524
Shona Auerbach,1340891
Victor Fleming,110428945
Denzel Washington,25652144
Doug Liman,69808587
John Whitesell,47461476
Daniel Taplitz,11827301
Rupert Wainwright,50041732
Hans Petter Moland,64148
Tom Tykwer,12417028
Stanley Kramer,46300000
DJ Pooh,9959215
Peter R. Hunt,22800000
Charles Martin Smith,46309696
Gus Van Sant,40860468
Michael Cimino,1500000
Danny Boyle,31895218
Pete Docter,313113780
David Sington,1134049
Richard Glatzer,10173199
Rob Zombie,19484080
Lance Hool,229311
Will Finn,29243671
Mathieu Kassovitz,41059883
Todd Lincoln,4930798
Tina Gordon Chism,9123834
William A. Fraker,8000000
Bill Muir,549632
Hark Tsui,10076136
Marius A. Markevicius,133778
Roger Avary,3472357
Richard Benjamin,8523554
Sally Potter,396035
Risa Bramon Garcia,6851636
Gene Teigland,23616
M. Night Shyamalan,121621863
Shari Springer Berman,3228333
David Webb Peoples,882290
Leonard Nimoy,138747046
Brian Helgeland,36781732
Claude Chabrol,181798
John Lee Hancock,91931980
Adam McKay,87408281
Stefen Fangmeier,75030163
Robert B. Weide,2775593
David M. Matthews,2592808
Michael Moore,41168766
Christopher Leitch,7888703
James Toback,1003112
Rich Moore,189412677
Marcos Siega,5654777
Steve Beck,35973638
Brian Gibson,41967834
Jim Abrahams,83400000
Scott Frank,25977365
Kevin Spacey,3235557
Norman Jewison,18373348
John Landis,82202500
Steven Seagal,38590500
Robert Townsend,5228617
Michael O. Sajbel,8406022
Russell Crowe,4190530
Barry Levinson,47977634
Joshua Tickell,173783
Michael Apted,49353761
Jon Hurwitz,47405723
Emilio Estevez,11204499
Milos Forman,66060211
Andy Fickman,66349220
Gregory Jacobs,66009973
Ava DuVernay,26072015
Josh Trank,58933646
Michael Radford,3752725
Gaspar Noé,544984
Anthony Powell,287761
Rupert Wyatt,105185935
Jesse Dylan,62696845
James Ivory,12859911
James Fargo,1000000
Eric Bress,23947
Ray Lawrence,399879
Stuart Baird,55934939
Mike Binder,20165517
Sanaa Hamri,32804053
Conor McPherson,128937
Maggie Greenwald,3050934
Stefan Schwartz,302204
Genndy Tartakovsky,159002810
Pierre Coffin,309775640
Mark Piznarski,10494147
Joshua Seftel,578527
Miranda July,3885134
Andrea Arnold,373060
Theodore Witcher,12514138
Jake Scott,152857
Max Joseph,3590010
Sherman Alexie,174682
Alan Parker,34794272
Jon Stewart,3093491
Anna Boden,6350058
Lajos Koltai,195888
Robert Harmon,22189039
Debra Granik,6531491
Melvin Van Peebles,15180000
Alex Smith,13134
Thor Freudenthal,70790968
Michael Schultz,19939865
Elizabeth Banks,96132575
Steven Quale,45064615
John Stockwell,29295391
Randal Kleiser,108076580
Peter Chelsom,46699480
Michael Haneke,1247554
Tony Kaye,3368024
Bryan Barber,12549485
Michael Polish,2368760
Jon M. Chu,71897269
Charles Stone III,39099232
Jerome Robbins,43650000
Myles Berkowitz,536767
Philip Saville,4068087
Andrey Konchalovskiy,190562
Jeff Tremaine,89056631
José Luis Valenzuela,428535
Simon Wells,39032067
Andrew Haigh,469947
Stephen Frears,24636803
Goran Dukic,104077
Mars Callahan,562059
Tom Hanks,30687894
Tony Goldwyn,16040010
Kar-Wai Wong,3730457
Denys Arcand,3432342
Jeremy Saulnier,1738571
Jon Lucas,45532793
Matt Bettinelli-Olpin,15818967
Kenneth Branagh,54137487
Christian E. Christiansen,37300107
S.R. Bindler,36497
Peter Stebbings,37606
Alan Rudolph,175370
Dinesh D'Souza,33349949
John Cornell,109306210
Gil Junger,35799457
Dominic Sena,60561607
Kevin Allen,11704219
Rohit Jagessar,227241
Jirí Menzel,617228
David Carson,75668868
Rob Minkoff,83423053
Amy Heckerling,24032854
Marcus Dunstan,6842058
Wally Pfister,23014504
Rob Marshall,149189145
John Luessenhop,46039488
Gary Hardwick,27457409
Jamie Travis,1243961
Meiert Avis,1046166
Clark Gregg,2926565
Karan Johar,3647069
Dito Montiel,28870
Mike Bigelow,22264487
Jean-Jacques Mantello,7518876
Barbra Streisand,48813342
Christopher Cain,22896599
David S. Ward,49797148
John Michael McDonagh,5359774
Tony Gilroy,67583511
Darnell Martin,8134217
Keenen Ivory Wayans,57018530
James Watkins,5824
Beeban Kidron,40203020
Sheldon Lettich,16688152
Elizabeth Allen Rosenbaum,22378561
Reginald Hudlin,43515092
Neill Dela Llana,70071
Steven R. Monroe,92401
John Erick Dowdle,28439563
John Frankenheimer,25512380
Alan Poul,37481242
Max Mayer,2277396
Luis Mandoki,38421768
John Carpenter,24413499
Paul Haggis,34255408
John Turturro,688363
Roger Allers,253543667
John Gatins,32701088
Christopher M. Bessette,15059
Jodie Foster,958319
Bob Dolman,30306281
Elia Kazan,9600000
Dewey Nicks,4814244
Robinson Devor,110720
Adam Rapp,101228
Graham Annable,50807639
Marc Levin,982214
Gary Chapman,19447478
Ron Shelton,25338681
Jim Sheridan,30981850
Ulu Grosbard,13376506
John Sayles,4628904
Carlos Carrera,5709616
Sol Tryon,12055
Hoyt Yeatman,119420252
Todd Strauss-Schulson,35033759
McG,87351650
Stephen Chbosky,17738570
Peter Hyams,34837036
Alan Cohn,15062898
Rohan Sippy,563699
Babak Najafi,62401264
Greg Berlanti,1744858
Adam Brooks,31973840
Jean-François Richet,19976073
Peter MacDonald,53715611
Joe Wright,34863775
Robert Kenner,4417124
Mario Van Peebles,27012
Oliver Stone,52200311
Jeff Schaffer,17718223
Steve Miner,13828733
Kelly Reichardt,696631
Newt Arnold,11806119
Jim Jarmusch,3300230
Richard Donner,61460675
Mel Brooks,81306494
Catherine Jelski,58163
Ash Brannon,58867694
Spike Jonze,36970759
Darren Lynn Bousman,50145198
Kevin Hooks,17100000
Levan Gabriadze,31537320
David Raynr,12311973
Nat Faxon,21501098
Les Mayfield,38174620
John Lafia,28501605
Alexander Witt,50740078
Jill Sprecher,1865894
Kat Coiro,20186
Justin Lin,81324159
Christopher Guest,11141198
Todd Field,20689126
Geoffrey Sax,28259120
Peter Sollett,16780638
Frank LaLoggia,1705139
Tim Blake Nelson,16017403
Mark Brown,11164131
Hart Bochner,4350774
Brett Leonard,28074500
Martin McDonagh,14989761
Mark Mylod,13987482
Gabor Csupo,82234139
Mike Nichols,42178760
Simon Curtis,23951221
Mic Rodgers,10431220
Julie Anne Robinson,44669273
Ken Scott,20436915
Joe Nussbaum,9959544
Brandon Trost,40557
Anand Tucker,3788462
Jean-Marie Poiré,1874359
Marc Abraham,4234040
Maggie Carey,3447339
Phil Joanou,38432823
István Szabó,7739049
Kevin Macdonald,19717492
Siddiq Barmak,1127331
Sam Firstenberg,4000000
Sam Peckinpah,14873
Franck Khalfoun,12843
Bill Plympton,203134
David Mirkin,40334024
Peter Hastings,16988996
Corey Yuen,480314
Christopher Landon,32453345
Mike Mitchell,125237609
Scott Waugh,43568507
Bob Odenkirk,2757370
Mark Rydell,29200000
Alex Rivera,75727
Steve Carver,12200000
John Wells,37738400
Petter Næss,313436
Michael Dinner,13019253
Alex Garland,25440971
Piyush Dinker Pandya,902835
Nadine Labaki,1060591
Jesse Vaughan,13571817
Alex Kendrick,26049454
Sylvio Tabet,869325
Menno Meyjes,7486906
Peter Segal,90817089
Jim Gillespie,72219395
Marc Forby,883887
Robby Henson,978908
Ridley Scott,86915674
Ron Underwood,16667084
Bille August,2221994
Liz Friedlander,34703228
Brandon Camp,22927390
Roland Emmerich,119046932
Jimmy Hayward,33143569
Jorma Taccone,8460995
Matt Maiellaro,5518918
Steven Zaillian,31962179
John Waters,3112934
Greg Harrison,653126
Mark Andrews,237282182
Sylvester Stallone,86625371
Catherine Hardwicke,78962929
Maryam Keshavarz,439958
Emma-Kate Croghan,212285
Zal Batmanglij,405614
Jay Levey,6157157
Stephen Gaghan,37449981
Kirk Jones,36288821
Robert Lee King,265107
David Dobkin,36600260
Siddharth Anand,872643
Laurence Dunmore,4829497
William Arntz,10941801
Eugène Lourié,5000000
Alejandro Amenábar,32870974
Angelina Jolie Pitt,77246323
Don Kempf,18642318
Fred Durst,11508423
Dan Gilroy,32279955
Gia Coppola,750100
Jeff Nathanson,463730
Darren Aronofsky,41885826
Oliver Hirschbiegel,10286727
David Slade,113700023
Andrew Wilson,127144
Marc Forster,79811651
Phil Lord,178172594
William Shatner,55210049
Daisy von Scherler Mayer,3034181
Matthew Vaughn,58783243
Xavier Gens,19854764
Rick Rosenthal,30259652
Shane Meadows,173176
Matt Reeves,110339107
Alessandro Carloni,143523463
Mark L. Lester,8687778
Frank Miller,35877099
Kevin Reynolds,69030827
Rafa Lara,169379
Oren Peli,107917283
Jason Reitman,70875635
Luis Valdez,54215416
Bronwen Hughes,26539321
Sarah Smith,46440491
Mike Nawrocki,19136615
Michael Gornick,14000000
Jason Alexander,39852
Bille Woodruff,23393527
George Tillman Jr.,34716089
Edward Zwick,56292012
Bill Duke,10572742
Rebecca Miller,712294
David Fincher,86390452
Jay Roach,144789222
Philip Kaufman,14280438
Peter Landesman,34531832
Scott Marshall,2166927
Francis Lawrence,198917507
Adam Marcus,15935068
Steve McQueen,30334087
Lawrence Kasdan,19457037
Peter Howitt,17167359
Larry Blamire,110536
Ice Cube,23031390
Jim Hanon,11703287
Jim Goddard,2315683
Tim Hill,42504934
Catherine Gund,21199
James Wong,38917979
Tobe Hooper,37971422
Harold Cronk,20773070
George Miller,79855941
Clay Kaytis,107225164
Burr Steers,27718895
Robert Redford,28007875
Tom Ford,9166863
Andrew Stanton,225901479
E. Elias Merhige,8495790
Sngmoo Lee,5664251
Forest Whitaker,60033780
Bob Clark,66320979
Douglas McGrath,4033164
Jonathan Lynn,35177212
Karyn Kusama,21031390
Mira Nair,10102398
John Maybury,6301131
Rachel Talalay,4064333
Sajid Khan,1165104
Betty Thomas,71432526
David Robert Mitchell,14673301
Norman Ferguson,84300000
Duke Johnson,3442820
Vic Armstrong,13998282
Eric Styles,7680
Paul Feig,116300359
Peter Medak,3275585
Jennifer Yuh Nelson,165230261
Richard Williams,669276
John Hillcoat,4861440
Joe Pytka,90443603
Rick de Oliveira,3713002
Lana Wachowski,114539781
Robert Rodriguez,51575138
William Cottrell,184925485
Jonathan Mostow,79026956
Uli Edel,7016129
Andrés Muschietti,71588220
Jugal Hansraj,55202
Kevin Jordan,277233
Kenneth Lonergan,4613385
Adrienne Shelly,19067631
Edgar Wright,27038735
Scott Alexander,6982680
Chris Paine,1677838
Daniel Barber,1818681
Howard Deutch,31944461
John Putch,3333823
Kief Davidson,100240
Matthew Robbins,6000000
Richard Ayoade,466702
Florence Ayisi,32631
James Algar,79901459
Benny Boom,10017041
Michael Mayer,11013863
Reed Cowan,99851
Pan Nalin,16892
Nanette Burstein,17797316
George Sidney,8000000
Tony Bill,13082288
David Jacobson,568695
Jeremy Leven,22200000
Cody Cameron,119793567
Sylvain Chomet,7002255
Chris Eyre,6719300
Benson Lee,8888355
Brad Anderson,14178771
Patricia Rozema,17655201
Hitoshi Matsumoto,22770
Alan J. Pakula,71822610
Charles Herman-Wurmfeld,48415656
Bruce McDonald,3478
Michael Sucsy,125014030
Ruben Fleischer,56322105
Jez Butterworth,4919896
Ben Falcone,73776455
Patty Jenkins,34468224
Bob Gosse,1425993
Gavin Hood,24744509
Jessica Bendinger,26870825
Jim Fall,42672630
Ruba Nadda,4063
Jafar Panahi,673780
Kevin Donovan,50189179
Yorgos Lanthimos,110197
Jeff Lowell,7563670
Wayne Beach,1181197
Andrew Currie,298110
Johnnie To,49413
Harold Becker,37991927
J.C. Chandor,6262942
Cyrus Nowrasteh,6462576
Tom Gormican,26049082
Michael Ritchie,43968571
J.B. Rogers,75306764
Jon Shear,1027119
Michael Herz,792966
Dwight H. Little,24647196
John Bonito,18843314
Duncan Tucker,9013113
Donald Petrie,42597837
Jerry Zaks,12782508
Joseph Sargent,20763013
E.L. Katz,59379
Drew Barrymore,13034417
Paul Gross,4239767
Lucio Fulci,126387
Doug Atchison,18811135
Joe Swanberg,186510
Martin Scorsese,53641973
Carlos Saura,1687311
Rick Friedberg,26906039
Gregory Nava,35422828
Gary Fleder,19301843
Darren Stein,1538720
Walter Salles,3156590
Scott Hicks,35583306
Spike Lee,16857300
Sylvain White,42442088
Vincenzo Natali,489220
Mel Gibson,42319717
Mark Herman,6812790
Cheryl Dunye,17321573
Tom Shadyac,114785884
Ricki Stern,1111
Marc Lawrence,57816812
Charles Chaplin,163245
Roman Polanski,17170880
Robert Luketic,68662076
Peter M. Cohen,4142507
Juan José Campanella,20167424
Jeff Nichols,6768182
Hyung-rae Shim,5559985
Måns Mårlind,62321039
Jonathan Kaplan,10114315
Chuan Lu,119922
Bibo Bergeron,105782341
John Carney,12803337
Robert Ben Garant,20339754
Josh Boone,124868837
Neill Blomkamp,80088540
Henry Jaglom,821997
Daniel Hsia,10443
Christopher Morris,304137
Judd Apatow,97464707
Denis Villeneuve,38231814
J.S. Cardone,6755271
Kaige Chen,668171
Billy Bob Thornton,20001270
John Stainton,28399192
Mark Christopher,16574731
Sean Anders,62514475
Pat O'Connor,25178165
Will Gluck,70857008
R.J. Cutler,50461335
Griffin Dunne,23361862
Eric Darnell,152696378
Ringo Lam,14095303
John Moore,47027413
Steve James,4181400
Anna Muylaert,375723
Jake Kasdan,39783454
Clive Barker,14564027
Matty Rich,5796499
Andrew Erwin,7892777
Daniel Barnz,16581724
Nick Gomez,15427192
Florent-Emilio Siri,34636443
Akiva Schaffer,27540615
Paul Mazursky,2104000
Emile Ardolino,2119994
Dean DeBlois,181579762
George Lucas,348283696
Andrey Zvyagintsev,502028
Frank Whaley,703